cluster,m_frontWing,m_rearWing,m_onThrottle,m_offThrottle,m_frontCamber,m_rearCamber,m_frontToe,m_rearToe,m_frontSuspension,m_rearSuspension,m_frontAntiRollBar,m_rearAntiRollBar,m_frontSuspensionHeight,m_rearSuspensionHeight,m_brakePressure,m_brakeBias,m_engineBraking,m_rearLeftTyrePressure,m_rearRightTyrePressure,m_frontLeftTyrePressure,m_frontRightTyrePressure,lapTime
3,46.333333333333336,35.333333333333336,21.666666666666668,20.0,-3.5,-2.200000047683716,0.0,0.0,37.666666666666664,9.0,5.333333333333333,3.6666666666666665,22.0,55.666666666666664,100.0,50.666666666666664,13.333333333333334,20.933333079020183,20.933333079020183,23.933333079020183,23.933333079020183,71837.66666666667
1,47.77777777777778,42.333333333333336,81.66666666666667,35.55555555555556,-3.5,-2.200000047683716,0.0,0.05000000115897918,40.111111111111114,3.7777777777777777,19.555555555555557,17.11111111111111,23.444444444444443,54.888888888888886,100.0,52.666666666666664,90.0,26.5,26.5,29.5,29.5,75532.22222222222
2,41.666666666666664,38.333333333333336,41.666666666666664,48.333333333333336,-3.200000047683716,-1.8333333333333333,0.10000000149011605,0.0899999986092249,27.333333333333332,16.333333333333332,11.333333333333334,9.333333333333334,26.666666666666668,64.33333333333333,97.0,54.0,30.0,21.133333206176758,21.133333206176758,23.766666412353516,23.766666412353516,77461.66666666667
0,37.0,31.0,48.75,55.0,-3.5,-2.200000047683716,0.23750000074505806,0.25,37.25,4.0,13.5,11.75,22.5,53.75,95.5,54.5,100.0,26.5,26.5,29.5,29.5,80891.25
4,50.0,48.0,100.0,26.666666666666668,-3.5,-2.200000047683716,0.0,0.0,40.0,1.666666666666666,16.333333333333332,15.0,20.666666666666668,59.666666666666664,99.0,52.333333333333336,100.0,22.03333282470703,22.03333282470703,24.400000254313152,24.400000254313152,82910.0
